{
  "metrics": {
    "accuracy": 0.786,
    "precision": 0.8044393417527745,
    "recall": 0.8590110339190846,
    "f1_score": 0.8308300395256917,
    "roc_auc": 0.8617553696643143
  },
  "train_metrics": {
    "train_accuracy": 0.8136875,
    "train_f1": 0.8526373028820011
  },
  "overfitting": {
    "train_accuracy": 0.8136875,
    "test_accuracy": 0.786,
    "accuracy_gap": 0.0277,
    "f1_gap": 0.0218,
    "is_overfitting": false
  },
  "per_class_recall": {
    "class_0_rejected": 0.6709594333547971,
    "class_1_approved": 0.8590110339190846
  },
  "confusion_matrix": {
    "true_negatives": 1042,
    "false_positives": 511,
    "false_negatives": 345,
    "true_positives": 2102,
    "matrix": [
      [
        1042,
        511
      ],
      [
        345,
        2102
      ]
    ]
  },
  "classification_report": {
    "0": {
      "precision": 0.7512617159336697,
      "recall": 0.6709594333547971,
      "f1-score": 0.708843537414966,
      "support": 1553.0
    },
    "1": {
      "precision": 0.8044393417527745,
      "recall": 0.8590110339190846,
      "f1-score": 0.8308300395256917,
      "support": 2447.0
    },
    "accuracy": 0.786,
    "macro avg": {
      "precision": 0.7778505288432221,
      "recall": 0.7649852336369409,
      "f1-score": 0.7698367884703288,
      "support": 4000.0
    },
    "weighted avg": {
      "precision": 0.7837931285285071,
      "recall": 0.786,
      "f1-score": 0.7834687800812024,
      "support": 4000.0
    }
  },
  "roc_curve": {
    "fpr": [
      0.0,
      0.0070830650354153256,
      0.014166130070830651,
      0.02189311010946555,
      0.02962009014810045,
      0.03734707018673535,
      0.04507405022537025,
      0.056020605280103025,
      0.06374758531873792,
      0.07147456535737283,
      0.07920154539600772,
      0.0875724404378622,
      0.09594333547971667,
      0.10495814552479073,
      0.11332904056664521,
      0.12234385061171925,
      0.13329040566645203,
      0.14230521571152607,
      0.1519639407598197,
      0.16613007083065034,
      0.1783644558918223,
      0.18931101094655506,
      0.2034771410173857,
      0.21442369607211847,
      0.22794591113972956,
      0.23889246619446233,
      0.24726336123631681,
      0.25885383129426914,
      0.26851255634256277,
      0.28267868641339344,
      0.29684481648422406,
      0.3116548615582743,
      0.3264649066323245,
      0.3380553766902769,
      0.35157759175788794,
      0.3689632968448165,
      0.3811976819059884,
      0.39278815196394073,
      0.4069542820347714,
      0.4198325820991629,
      0.4430135222150676,
      0.45460399227301995,
      0.49388280746941404,
      0.5132002575660013,
      0.527366387636832,
      0.5705086928525435,
      0.5962652929813265,
      0.6336123631680618,
      0.6696716033483581,
      0.7018673535093368,
      0.7559562137797811,
      0.8300064391500322
    ],
    "tpr": [
      0.0,
      0.21209644462607274,
      0.279934613812832,
      0.34246015529219453,
      0.3588067020841847,
      0.40253371475275845,
      0.43481814466693913,
      0.45770331017572535,
      0.49897834082550063,
      0.5243154883530854,
      0.5463833265222722,
      0.5688598283612587,
      0.5860237024928484,
      0.6097261953412342,
      0.6268900694728239,
      0.6452799346138128,
      0.6628524724152023,
      0.6771557008581937,
      0.6894156109521864,
      0.701675521046179,
      0.7123007764609727,
      0.7278299959133633,
      0.7421332243563548,
      0.7527584797711483,
      0.769922353902738,
      0.78340825500613,
      0.7928075194115243,
      0.8030241111565182,
      0.8124233755619126,
      0.823457294646506,
      0.8340825500612995,
      0.8442991418062934,
      0.8541070698814875,
      0.8680016346546792,
      0.8761749080506743,
      0.8843481814466694,
      0.893338782182264,
      0.9002860645688598,
      0.9084593379648549,
      0.9154066203514507,
      0.9231712300776461,
      0.9297098487944422,
      0.9391091131998366,
      0.9460563955864324,
      0.9538210053126277,
      0.9632202697180221,
      0.9693502247650184,
      0.975071516142215,
      0.9803841438496118,
      0.9852881078872088,
      0.9914180629342052,
      0.9963220269718022
    ],
    "thresholds": [
      Infinity,
      0.9246363226747417,
      0.9058972125641079,
      0.8864725391421302,
      0.8797543221801097,
      0.8655528556819556,
      0.85523721754181,
      0.8433843342866297,
      0.8257528475999917,
      0.8128325840430027,
      0.8010901539489425,
      0.788861766435559,
      0.7772627493033464,
      0.7612937595537117,
      0.7494374580239174,
      0.7380543227956844,
      0.7250607056648655,
      0.7101995278178492,
      0.6992695611998379,
      0.6846646700477935,
      0.6731130444952816,
      0.658094391938892,
      0.6463837635769156,
      0.6370676127310709,
      0.6199533702186271,
      0.6069478155882861,
      0.5963310075333679,
      0.5813736068706442,
      0.5681410661576666,
      0.552296632959025,
      0.5390933654255332,
      0.5239566307431044,
      0.5069804979894668,
      0.4908320136278073,
      0.47659431945721237,
      0.4627164012586147,
      0.44807927265795533,
      0.437232696906892,
      0.42257207237856914,
      0.4133796320461714,
      0.39447846294940636,
      0.38031793603363306,
      0.35083687538738423,
      0.33269412689848943,
      0.317677161500428,
      0.286664384029882,
      0.26877378443156774,
      0.2458389387942545,
      0.22189978131523183,
      0.19767494356153525,
      0.1652572363158449,
      0.12815081869101458
    ]
  },
  "feature_importance": {
    "age": 0.007274876746724208,
    "gender": 0.00021043574627485916,
    "marital_status": 0.0,
    "education_level": 0.01883912393820903,
    "annual_income": 0.0,
    "monthly_income": 0.0,
    "employment_status": 0.13127940700158933,
    "debt_to_income_ratio": 0.012467591506029996,
    "credit_score": 0.03403033880475078,
    "loan_amount": 0.0006118351168574038,
    "loan_purpose": 0.00017592073855108372,
    "interest_rate": 0.0003894189822616378,
    "loan_term": 0.0001488486158407487,
    "installment": 0.011972797791373106,
    "grade_subgrade": 0.10579656333945844,
    "num_of_open_accounts": 0.00032086989489951023,
    "total_credit_limit": 0.00021941153347394729,
    "current_balance": 0.0008455047612470558,
    "delinquency_history": 0.0,
    "public_records": 0.0,
    "num_of_delinquencies": 0.00015290438235217017,
    "loan_to_income_ratio": 0.004246226842652507,
    "payment_to_income_ratio": 0.05360533496530075,
    "remaining_income": 0.003772402191435878,
    "credit_utilization": 0.0,
    "available_credit": 0.0018025764509020559,
    "delinquency_rate": 0.0027677209691046307,
    "risk_composite": 0.1018443322798684,
    "log_annual_income": 0.0,
    "log_monthly_income": 0.0004005901808139799,
    "log_loan_amount": 0.0005045441228788646,
    "log_total_credit_limit": 0.0005022146265689636,
    "log_current_balance": 0.00033152549598191954,
    "age_group": 0.004798220883247022,
    "credit_tier": 0.0004215060569367773,
    "income_stability_index": 0.001080781042055884,
    "credit_health_score": 0.03572866923530028,
    "loan_affordability_score": 0.08322510708785352,
    "financial_stress_index": 0.17265495053732588,
    "credit_age_proxy": 0.0010205441521559271,
    "debt_coverage_ratio": 0.0011352894377550965,
    "payment_shock": 0.0,
    "risk_adjusted_rate": 0.0020325389980805253,
    "income_adequacy_ratio": 0.10401665872892138,
    "credit_headroom": 0.0009833047449104334,
    "behavioral_risk_score": 0.04909892579844337,
    "income_quintile": 0.0,
    "loan_amount_quintile": 0.0,
    "profile_interaction": 0.0,
    "credit_score_sq": 0.033043935695323115,
    "dti_sq": 0.01124963532729714,
    "credit_util_sq": 0.0011366880616149456,
    "score_x_dti": 0.0012541305551997458,
    "income_x_term": 0.001748521417659594,
    "rate_x_amount": 0.0008572752145180831
  },