{
  "metrics": {
    "accuracy": 0.90325,
    "precision": 0.89541748664605,
    "recall": 0.9953125,
    "f1_score": 0.942726061861773,
    "roc_auc": 0.88643125
  },
  "confusion_matrix": {
    "true_negatives": 428,
    "false_positives": 372,
    "false_negatives": 15,
    "true_positives": 3185,
    "matrix": [
      [
        428,
        372
      ],
      [
        15,
        3185
      ]
    ]
  },
  "classification_report": {
    "0": {
      "precision": 0.9661399548532731,
      "recall": 0.535,
      "f1-score": 0.6886564762670957,
      "support": 800.0
    },
    "1": {
      "precision": 0.89541748664605,
      "recall": 0.9953125,
      "f1-score": 0.942726061861773,
      "support": 3200.0
    },
    "accuracy": 0.90325,
    "macro avg": {
      "precision": 0.9307787207496616,
      "recall": 0.76515625,
      "f1-score": 0.8156912690644343,
      "support": 4000.0
    },
    "weighted avg": {
      "precision": 0.9095619802874947,
      "recall": 0.90325,
      "f1-score": 0.8919121447428375,
      "support": 4000.0
    }
  },
  "roc_curve": {
    "fpr": [
      0.0,
      0.0025,
      0.01,
      0.02,
      0.02875,
      0.0375,
      0.045,
      0.05375,
      0.06125,
      0.07,
      0.0775,
      0.08625,
      0.09375,
      0.1025,
      0.11125,
      0.12,
      0.12875,
      0.1375,
      0.145,
      0.155,
      0.1625,
      0.1725,
      0.18125,
      0.19,
      0.19875,
      0.21,
      0.21875,
      0.22875,
      0.24,
      0.24875,
      0.25625,
      0.26875,
      0.2775,
      0.2875,
      0.2975,
      0.30875,
      0.3175,
      0.33125,
      0.34,
      0.35375,
      0.36375,
      0.3725,
      0.38125,
      0.39375,
      0.40625,
      0.4175,
      0.43,
      0.4425,
      0.45,
      0.4625,
      0.485,
      1.0
    ],
    "tpr": [
      0.0,
      0.1759375,
      0.270625,
      0.3059375,
      0.3790625,
      0.3965625,
      0.4303125,
      0.463125,
      0.510625,
      0.52,
      0.5484375,
      0.5725,
      0.5846875,
      0.5975,
      0.6184375,
      0.6390625,
      0.655625,
      0.6653125,
      0.67875,
      0.6934375,
      0.7028125,
      0.726875,
      0.7384375,
      0.7484375,
      0.76125,
      0.7778125,
      0.7896875,
      0.8034375,
      0.8290625,
      0.84,
      0.8534375,
      0.8646875,
      0.8696875,
      0.875,
      0.8896875,
      0.8978125,
      0.9109375,
      0.914375,
      0.91875,
      0.9265625,
      0.9353125,
      0.9403125,
      0.946875,
      0.9503125,
      0.95875,
      0.966875,
      0.9734375,
      0.9784375,
      0.99125,
      0.9940625,
      0.99875,
      1.0
    ],
    "thresholds": [
      Infinity,
      0.9587080017496061,
      0.9475885071595865,
      0.9418014285340528,
      0.9295450812037049,
      0.9252616072013685,
      0.9202358521605332,
      0.9146384145249182,
      0.9062849653474517,
      0.9030207651505554,
      0.8967068512873574,
      0.8917022924350121,
      0.8886000742439986,
      0.8855199802063027,
      0.8814981815074515,
      0.8767072289697807,
      0.8734055337327403,
      0.8712401182328353,
      0.8684731416079362,
      0.8647856858252306,
      0.8629899313381969,
      0.8570106087652516,
      0.8534083118413245,
      0.8506799818672349,
      0.8467804514957842,
      0.8407501592195241,
      0.8365826961275676,
      0.831913288374902,
      0.823654530956007,
      0.8176541265533152,
      0.812736985798569,
      0.807414518508295,
      0.8046861481569264,
      0.80207187075409,
      0.7948207979002362,
      0.7904794509996034,
      0.7823765002525154,
      0.7793706430362422,
      0.774291594847598,
      0.7680825286622461,
      0.7614561315731966,
      0.7571139822763953,
      0.7492580592609834,
      0.7411768461291588,
      0.72788365930754,
      0.7125185060535428,
      0.6997792016408021,
      0.6812024940496423,
      0.6110702777858371,
      0.5579475173524505,
      0.294798267861789,
      0.10528363549449107
    ]
  },
  "feature_importance": {
    "age": 0.005389575674642596,
    "gender": 0.0011017500082969262,
    "marital_status": 0.0010223103242582505,
    "education_level": 0.001614786414394515,
    "annual_income": 0.0008989016946367053,
    "monthly_income": 0.0007688308183781751,
    "employment_status": 0.5511997010332942,
    "debt_to_income_ratio": 0.07270897244417121,
    "credit_score": 0.07490362186220373,
    "loan_amount": 0.0017701945549132717,
    "loan_purpose": 0.002700696356087246,
    "interest_rate": 0.006255026994310407,
    "loan_term": 0.00025563824935753997,
    "installment": 0.004684204483050431,
    "grade_subgrade": 0.005467738042742528,
    "num_of_open_accounts": 0.001953565536284332,
    "total_credit_limit": 0.0036748459151172094,
    "current_balance": 0.0027234696674908157,
    "delinquency_history": 0.0006166149168771215,
    "public_records": 0.0004824446002070007,
    "num_of_delinquencies": 0.0008809767212143187,
    "loan_to_income_ratio": 0.0035533158787901596,
    "payment_to_income_ratio": 0.0026863601977593654,
    "remaining_income": 0.002726279041391673,
    "credit_utilization": 0.0018096084082453495,
    "available_credit": 0.006684319285857721,
    "delinquency_rate": 0.0029598951762342903,
    "risk_composite": 0.009568147893337696,
    "log_annual_income": 0.0008774285783513237,
    "log_monthly_income": 0.0008536377234055634,
    "log_loan_amount": 0.001598759848464691,
    "log_total_credit_limit": 0.003069566887906449,
    "log_current_balance": 0.0026711756047526503,
    "age_group": 0.0006134159438232407,
    "credit_tier": 0.0002583305371604123,
    "income_stability_index": 0.0017573372750098626,
    "credit_health_score": 0.006248203533296982,
    "loan_affordability_score": 0.002370395585176201,
    "financial_stress_index": 0.005933869849315882,
    "credit_age_proxy": 0.008258781387712435,
    "debt_coverage_ratio": 0.007278612238297595,
    "payment_shock": 4.984693204282937e-05,
    "risk_adjusted_rate": 0.01101600100365236,
    "income_adequacy_ratio": 0.005302363685030834,
    "credit_headroom": 0.0032431645273168297,
    "behavioral_risk_score": 0.0024608764133502298,
    "income_quintile": 0.00011640008894110722,
    "loan_amount_quintile": 0.00030280130267625944,
    "profile_interaction": 0.00143423986637712,
    "credit_score_sq": 0.06900179360684754,
    "dti_sq": 0.06945654759450426,
    "credit_util_sq": 0.0016019522029625407,
    "score_x_dti": 0.013799228927403451,
    "income_x_term": 0.004176777407495918,
    "rate_x_amount": 0.005186699255180542
  },
  "prediction_distribution": {
    "approved": 3557,
    "rejected": 443,
    "approval_rate": 0.88925
  },
  "probability_stats": {
    "mean": 0.7995854137375551,
    "std": 0.24639523788979983,
    "median": 0.8852122911137927,
    "min": 0.10528363549449107,
    "max": 0.9717977521117667
  }
}