{
  "model_name": "GradientBoosting",
  "model_params": {
    "learning_rate": 0.1,
    "max_depth": 3,
    "min_samples_leaf": 8,
    "n_estimators": 100,
    "subsample": 0.8
  },
  "metrics": {
    "accuracy": 0.786,
    "precision": 0.8044393417527745,
    "recall": 0.8590110339190846,
    "f1_score": 0.8308300395256917,
    "roc_auc": 0.8617553696643143,
    "cv_f1_mean": 0.8374850568844703,
    "cv_f1_std": 0.0028015762577859064
  },
  "feature_importance": {
    "age": 0.007274876746724208,
    "gender": 0.00021043574627485916,
    "marital_status": 0.0,
    "education_level": 0.01883912393820903,
    "annual_income": 0.0,
    "monthly_income": 0.0,
    "employment_status": 0.13127940700158933,
    "debt_to_income_ratio": 0.012467591506029996,
    "credit_score": 0.03403033880475078,
    "loan_amount": 0.0006118351168574038,
    "loan_purpose": 0.00017592073855108372,
    "interest_rate": 0.0003894189822616378,
    "loan_term": 0.0001488486158407487,
    "installment": 0.011972797791373106,
    "grade_subgrade": 0.10579656333945844,
    "num_of_open_accounts": 0.00032086989489951023,
    "total_credit_limit": 0.00021941153347394729,
    "current_balance": 0.0008455047612470558,
    "delinquency_history": 0.0,
    "public_records": 0.0,
    "num_of_delinquencies": 0.00015290438235217017,
    "loan_to_income_ratio": 0.004246226842652507,
    "payment_to_income_ratio": 0.05360533496530075,
    "remaining_income": 0.003772402191435878,
    "credit_utilization": 0.0,
    "available_credit": 0.0018025764509020559,
    "delinquency_rate": 0.0027677209691046307,
    "risk_composite": 0.1018443322798684,
    "log_annual_income": 0.0,
    "log_monthly_income": 0.0004005901808139799,
    "log_loan_amount": 0.0005045441228788646,
    "log_total_credit_limit": 0.0005022146265689636,
    "log_current_balance": 0.00033152549598191954,
    "age_group": 0.004798220883247022,
    "credit_tier": 0.0004215060569367773,
    "income_stability_index": 0.001080781042055884,
    "credit_health_score": 0.03572866923530028,
    "loan_affordability_score": 0.08322510708785352,
    "financial_stress_index": 0.17265495053732588,
    "credit_age_proxy": 0.0010205441521559271,
    "debt_coverage_ratio": 0.0011352894377550965,
    "payment_shock": 0.0,
    "risk_adjusted_rate": 0.0020325389980805253,
    "income_adequacy_ratio": 0.10401665872892138,
    "credit_headroom": 0.0009833047449104334,
    "behavioral_risk_score": 0.04909892579844337,
    "income_quintile": 0.0,
    "loan_amount_quintile": 0.0,
    "profile_interaction": 0.0,
    "credit_score_sq": 0.033043935695323115,
    "dti_sq": 0.01124963532729714,
    "credit_util_sq": 0.0011366880616149456,
    "score_x_dti": 0.0012541305551997458,
    "income_x_term": 0.001748521417659594,
    "rate_x_amount": 0.0008572752145180831
  },
  "feature_names": [
    "age",
    "gender",
    "marital_status",
    "education_level",
    "annual_income",
    "monthly_income",
    "employment_status",
    "debt_to_income_ratio",
    "credit_score",
    "loan_amount",
    "loan_purpose",
    "interest_rate",
    "loan_term",
    "installment",
    "grade_subgrade",
    "num_of_open_accounts",
    "total_credit_limit",
    "current_balance",
    "delinquency_history",
    "public_records",
    "num_of_delinquencies",
    "loan_to_income_ratio",
    "payment_to_income_ratio",
    "remaining_income",
    "credit_utilization",
    "available_credit",
    "delinquency_rate",
    "risk_composite",
    "log_annual_income",
    "log_monthly_income",
    "log_loan_amount",
    "log_total_credit_limit",
    "log_current_balance",
    "age_group",
    "credit_tier",
    "income_stability_index",
    "credit_health_score",
    "loan_affordability_score",
    "financial_stress_index",
    "credit_age_proxy",
    "debt_coverage_ratio",
    "payment_shock",
    "risk_adjusted_rate",
    "income_adequacy_ratio",
    "credit_headroom",
    "behavioral_risk_score",
    "income_quintile",
    "loan_amount_quintile",
    "profile_interaction",
    "credit_score_sq",
    "dti_sq",
    "credit_util_sq",
    "score_x_dti",
    "income_x_term",
    "rate_x_amount"
  ],
  "mlflow_run_id": "8b2311c281334dd8a223d727941b5087",
  "training_samples": 16000,
  "test_samples": 4000,
  "n_features": 55,
  "overfitting_report": {
    "train_accuracy": 0.8137,
    "test_accuracy": 0.786,
    "accuracy_gap": 0.0277,
    "train_f1": 0.8526,
    "test_f1": 0.8308,
    "f1_gap": 0.0218,
    "class_0_recall": 0.671,
    "class_1_recall": 0.859,
    "is_overfitting": false,
    "has_class_bias": false
  }
}