{
  "model_name": "GradientBoosting",
  "model_params": {
    "learning_rate": 0.01,
    "max_depth": 7,
    "n_estimators": 200,
    "subsample": 0.8
  },
  "metrics": {
    "accuracy": 0.90325,
    "precision": 0.89541748664605,
    "recall": 0.9953125,
    "f1_score": 0.942726061861773,
    "roc_auc": 0.88643125,
    "cv_f1_mean": 0.9410555213180182,
    "cv_f1_std": 0.0018704185469923186
  },
  "feature_importance": {
    "age": 0.005389575674642596,
    "gender": 0.0011017500082969262,
    "marital_status": 0.0010223103242582505,
    "education_level": 0.001614786414394515,
    "annual_income": 0.0008989016946367053,
    "monthly_income": 0.0007688308183781751,
    "employment_status": 0.5511997010332942,
    "debt_to_income_ratio": 0.07270897244417121,
    "credit_score": 0.07490362186220373,
    "loan_amount": 0.0017701945549132717,
    "loan_purpose": 0.002700696356087246,
    "interest_rate": 0.006255026994310407,
    "loan_term": 0.00025563824935753997,
    "installment": 0.004684204483050431,
    "grade_subgrade": 0.005467738042742528,
    "num_of_open_accounts": 0.001953565536284332,
    "total_credit_limit": 0.0036748459151172094,
    "current_balance": 0.0027234696674908157,
    "delinquency_history": 0.0006166149168771215,
    "public_records": 0.0004824446002070007,
    "num_of_delinquencies": 0.0008809767212143187,
    "loan_to_income_ratio": 0.0035533158787901596,
    "payment_to_income_ratio": 0.0026863601977593654,
    "remaining_income": 0.002726279041391673,
    "credit_utilization": 0.0018096084082453495,
    "available_credit": 0.006684319285857721,
    "delinquency_rate": 0.0029598951762342903,
    "risk_composite": 0.009568147893337696,
    "log_annual_income": 0.0008774285783513237,
    "log_monthly_income": 0.0008536377234055634,
    "log_loan_amount": 0.001598759848464691,
    "log_total_credit_limit": 0.003069566887906449,
    "log_current_balance": 0.0026711756047526503,
    "age_group": 0.0006134159438232407,
    "credit_tier": 0.0002583305371604123,
    "income_stability_index": 0.0017573372750098626,
    "credit_health_score": 0.006248203533296982,
    "loan_affordability_score": 0.002370395585176201,
    "financial_stress_index": 0.005933869849315882,
    "credit_age_proxy": 0.008258781387712435,
    "debt_coverage_ratio": 0.007278612238297595,
    "payment_shock": 4.984693204282937e-05,
    "risk_adjusted_rate": 0.01101600100365236,
    "income_adequacy_ratio": 0.005302363685030834,
    "credit_headroom": 0.0032431645273168297,
    "behavioral_risk_score": 0.0024608764133502298,
    "income_quintile": 0.00011640008894110722,
    "loan_amount_quintile": 0.00030280130267625944,
    "profile_interaction": 0.00143423986637712,
    "credit_score_sq": 0.06900179360684754,
    "dti_sq": 0.06945654759450426,
    "credit_util_sq": 0.0016019522029625407,
    "score_x_dti": 0.013799228927403451,
    "income_x_term": 0.004176777407495918,
    "rate_x_amount": 0.005186699255180542
  },
  "feature_names": [
    "age",
    "gender",
    "marital_status",
    "education_level",
    "annual_income",
    "monthly_income",
    "employment_status",
    "debt_to_income_ratio",
    "credit_score",
    "loan_amount",
    "loan_purpose",
    "interest_rate",
    "loan_term",
    "installment",
    "grade_subgrade",
    "num_of_open_accounts",
    "total_credit_limit",
    "current_balance",
    "delinquency_history",
    "public_records",
    "num_of_delinquencies",
    "loan_to_income_ratio",
    "payment_to_income_ratio",
    "remaining_income",
    "credit_utilization",
    "available_credit",
    "delinquency_rate",
    "risk_composite",
    "log_annual_income",
    "log_monthly_income",
    "log_loan_amount",
    "log_total_credit_limit",
    "log_current_balance",
    "age_group",
    "credit_tier",
    "income_stability_index",
    "credit_health_score",
    "loan_affordability_score",
    "financial_stress_index",
    "credit_age_proxy",
    "debt_coverage_ratio",
    "payment_shock",
    "risk_adjusted_rate",
    "income_adequacy_ratio",
    "credit_headroom",
    "behavioral_risk_score",
    "income_quintile",
    "loan_amount_quintile",
    "profile_interaction",
    "credit_score_sq",
    "dti_sq",
    "credit_util_sq",
    "score_x_dti",
    "income_x_term",
    "rate_x_amount"
  ],
  "mlflow_run_id": "9729da7b06d14e7da23321f5c97a2869",
  "training_samples": 16000,
  "test_samples": 4000,
  "n_features": 55
}